Ботинки СВАРЩИК чер.;45;5
Ботинки СВАРЩИК чер.;44;4
Ботинки СВАРЩИК чер.;43;3
Ботинки СВАРЩИК чер.;42;2
Ботинки СВАРЩИК чер.;41;1
Ботинки СВАРЩИК чер.;40;0
Ботинки СВАРЩИК кор.;45;5
Ботинки СВАРЩИК кор.;45;5
Ботинки СВАРЩИК кор.;44;4
Ботинки СВАРЩИК кор.;43;3
Ботинки СВАРЩИК кор.;42;2
Ботинки СВАРЩИК кор.;41;1
Ботинки СВАРЩИК кор.;40;0
Ботинки PANDA САНИТАРИ;45;0
Ботинки PANDA САНИТАРИ;44;0
Ботинки PANDA САНИТАРИ;43;0
Ботинки PANDA САНИТАРИ;42;0
Ботинки PANDA САНИТАРИ;41;0
Ботинки PANDA САНИТАРИ;40;0
Ботинки ТОФФ БЕРКУТ;45;0
Ботинки ТОФФ БЕРКУТ;44;0
Ботинки ТОФФ БЕРКУТ;43;0
Ботинки ТОФФ БЕРКУТ;42;0
Ботинки ТОФФ БЕРКУТ;41;0
Ботинки ТОФФ БЕРКУТ;40;0